Felicitas Legault,t,o,19,
Matei Sharp,j,w,29,
Kaleb Parsons,s,c,8,
Keoni Vallee,r,l,6,
Mathew Reeves,k,h,19,
Kerri Wong,z,j,16,
Granville Jacob,g,d,17,
Shelby Bailey,t,b,25,
Sandra Griffin,k,v,20,
Konnor Patterson,z,l,6,
Jorge Buckley,c,m,16,
Caitlin Turner,w,f,9,
Aubrey Clarke,u,i,24,
Wesley Vaughan,k,p,30,
Sally Ortega,w,c,7,
Huw Townsend,d,y,10,
Sian Walsh,l,m,16,
Anish Song,d,o,1,
Leobardo Lagace,h,j,31,
Alan Stevens,a,u,20,
Zak Chambers,z,f,17,
Lizette Moser,p,g,9,
Ashanti Reeder,z,g,2,
Darline Edwards,d,o,5,
Deniz Wood,g,u,3,
Cassey Wilkinson,t,e,5,
Morgan Turner,v,e,17,
Heidy Patel,l,q,25,
Imani Craig,g,s,5,
Oliwia Stewart,h,n,17,
Katarina May,j,c,25,
Ryland Green,y,g,7,
Jaiden Pereira,e,o,17,
Lilyana Odonnell,s,f,8,
Marcos Mora,n,z,16,
Antonio Preston,n,p,22,
Merlin Westbrook,u,k,6,
Reuben Fisher,j,o,1,
Angela Sharma,o,m,10,
Jameson O'Brien,r,l,20,
Nancie Brooks,y,d,23,
Walker Bilodeau,q,b,6,
Shaylee Hill,i,w,18,
Kyra Ahmed,x,w,28,
Serafin Leclerc,k,i,5,
Emily Carroll,b,q,20,
Austin Pearson,k,p,12,
Micaela Sullivan,x,k,30,
Haleema Lloyd,q,c,10,
Eleanor Levesque,y,d,16,
Rafael Chen,o,k,5,
Anneliese George,m,b,2,
Jensen Dufour,v,w,9,
Matteo Byrne,l,h,26,
Eve Griffiths,f,x,23,
Lemuel Deleon,l,a,21,
Leo Carter,v,y,13,
Kenji Maher,d,l,15,
Cody Lyons,j,b,12,
Derrek Snow,p,g,15,
Mikolaj Hawkins,u,q,15,
Tylor Rodgers,b,d,4,
Tyler Mcmahon,m,v,7,
Albie Frost,t,f,22,
Angel Mitchell,u,m,15,
Laquita Poe,t,w,22,
Darby Chow,n,f,9,
Chet Russo,y,d,11,
Kobe Cooke,y,g,6,
Nolan Fisher,z,y,28,
Mia Day,t,k,5,
Alayna FitzPatrick,t,b,8,
Carolina Suarez,r,b,5,
Arnie Smart,e,k,8,
Zayden Phillips,c,j,25,
Brooklyn Russell,n,m,26,
Ambrose Leclair,u,r,3,
Gilbert Reid,f,n,27,
Coen Wood,k,l,2,
Renee Nixon,b,f,6,
Jethro Jenkins,x,t,29,
Bethan Mclean,i,s,29,
Jose Power,m,p,7,
Malinda Langford,a,i,24,
Jonny Ahmed,o,u,20,
Valentino Williams,w,m,25,
Pia Stanley,l,g,20,
Viet Chouinard,x,q,21,
Rey Ferris,p,r,28,
Kiera Gray,b,n,27,
Dean Bird,i,p,13,
Jackeline Wheeler,s,l,25,
Rolando Tang,b,l,23,
Isidore Butcher,p,y,31,
Aston Allen,q,t,30,
Chloe Austin,h,g,11,
Shannon Harrison,x,j,19,
Elaine Neely,y,c,19,
Liberty Gibbs,o,p,2,
Katelyn West,u,a,10,
Sidney Payne,b,f,3,
Leandra Jarrett,l,u,2,
Huey Potts,y,o,16,
Jozef any,n,a,11,
Lesley Wang,r,m,24,
Lucy Barnett,e,a,24,
Saffron Cameron,e,p,12,
Brisa Delisle,n,j,31,
Jake Barker,l,h,22,
Jaxxon Andrews,z,u,16,
Mario Webster,q,k,21,
Estella Butt,c,n,10,
Kornelia Reid,j,e,5,
Stephan Theriault,g,c,30,
Marlin Beauregard,u,e,20,
Marietta Pack,r,x,31,
Selena Wilkins,k,w,14,
Myla Lyons,n,i,12,
Yanis Bradley,j,q,30,
Trey Hamilton,n,l,14,
Raul Barrett,x,m,15,
Haaris Akhtar,m,c,10,
Luqman Kent,z,k,4,
Sheena Lynn,x,l,18,
Douglas Duncan,h,a,18,
Anita Wood,z,s,21,
Deborah Lawrence,l,x,26,
Jordana Donaldson,j,t,23,
Antone Russo,d,x,27,
Angelica Burke,o,h,30,
Kristina Charbonneau,x,c,13,
Mikaela Clarke,k,g,30,
Kristian Harvey,h,b,21,
Kaydence Felix,a,l,16,
Itzel Koch,v,c,22,
Rufus Glover,h,v,29,
Alexis St-Jean,e,r,18,
Zainab Howe,q,x,17,
Nelda Boucher,n,l,4,
Sylvie Jordan,k,s,20,
Rafe Sheppard,r,k,16,
Vanessa Poole,y,g,13,
Shana Burns,s,a,18,
Tamika Singh,l,c,15,
Valentino Miles,t,e,3,
Esmay Watson,s,t,21,
Nan Wiens,e,a,17,
Ezmae Sanders,n,l,28,
Shane Ferguson,o,p,3,
Harry Barnes,k,n,30,
Deborah Stanley,h,v,13,
Harvey Pearson,z,o,23,
Brandon Mason,r,n,16,
Dimas McMahon,y,z,9,
Lillian Lambert,u,k,15,
Nino McBride,f,n,13,
Josie Hart,f,g,9,
Jayla Mckenna,b,g,4,
Stanford Mailloux,w,u,10,
Halle Pugh,n,r,19,
Kirsten Cagle,i,w,2,
Rhys Rowe,d,u,25,
Elisabeth Wilkinson,j,p,1,
Rudy Prevost,r,p,26,
Kasper Morgan,n,f,28,
Kieren Bennett,i,l,2,
Derik Keller,h,c,28,
Kimberley Reid,h,r,24,
Martha Jarvis,p,a,20,
Anne Ellis,l,a,16,
Anton Ryan,u,d,16,
Alexander Ladouceur,a,y,22,
Aiden Fox,x,k,20,
Sandra Barton,u,s,16,
Curtis Slater,k,q,8,
Julie May,c,t,16,
Jamari Bouffard,i,s,23,
Camille Hunt,o,y,1,
Aliza Tolbert,n,u,8,
Connor Jones,x,l,19,
Brodie Jarvis,r,x,3,
Theodore Cook,d,z,18,
Antonina Cox,v,g,10,
Jesse Connell,j,k,12,
Aleksander Barker,p,c,14,
Tilly Marshall,v,m,8,
Michelle Read,c,g,7,
Jameson Wright,o,n,8,
Quentin Dick,u,j,4,
Jericho Deal,p,g,23,
Lori Gibson,h,n,9,
Zakary Boyd,h,r,13,
Keegan Evans,b,f,1,
Kuba Hall,c,g,1,
Nikayla Duncan,i,m,15,
Dillon Robinson,u,t,1,
Demarion Willard,q,t,27,
Arthur Millar,r,f,17,
Tony Thomas,b,o,9,
Hassan us,c,w,16,
Ladonna Mueller,c,s,8,
Bailey Tran,q,r,1,
Drew Bourassa,l,e,6,
Annie Mclean,v,h,7,
Wade Marks,w,t,27,
Dolores Doiron,d,t,14,
Erik Russell,m,x,19,
Lukas Pearson,y,s,25,
Gus Colon,e,q,20,
Amanda Davey,z,n,2,
Luann Massey,v,d,31,
Ian Kirby,g,i,25,
Jazmyn O'Brien,b,u,11,
Dillon Kennedy,z,d,2,
Riley Vigil,d,c,19,
Stacey Schroeder,k,q,27,
Cari Joseph,t,a,4,
Jenaya Mitchell,o,c,20,
Chloe Spence,h,p,15,
Tiahna Robinson,z,v,23,
Kyra McDonald,m,b,22,
Aleisha Harrison,s,c,21,
Cecilia Higgins,i,g,27,
Bruce Lawrence,g,s,25,
Nell Wagner,s,u,6,
Shiloh Guimond,z,j,27,
Bertie Broussard,y,b,20,
Charity Chow,c,d,6,
Sherie Duguay,h,q,29,
Harland Kessler,x,q,28,
Ruben Crawford,q,p,20,
Andrea Lyons,c,i,24,
Sasha Richards,j,y,28,
Rosanna Marsden,f,m,26,
Corina Williamson,h,k,12,
Kayson Cunningham,s,o,27,
Amelia Love,k,c,6,
Lynn Durham,u,i,15,
Mauricio Nolan,z,v,16,
Valentina Donaldson,k,p,25,
Angelina Thompson,e,a,16,
Cassie Hurst,i,l,19,
John Saunders,n,j,29,
Kohen Long,o,q,5,
Kaitlin Fisher,n,e,26,
Celeste Butler,c,a,29,
Brendan Taylor,l,k,19,
Haydee Dennis,r,k,24,
Emmanuel Sheppard,p,t,18,
Mallory Lee,i,m,29,
Malia Summers,p,a,9,
Tristan Maguir,j,r,17,
Ana Johnson,q,g,29,
Emery Dussault,a,g,1,
Marisol Waller,h,l,8,
Annabelle Young,a,h,7,
Khalil Murphy,c,l,1,
Leigh Laberge,s,d,22,
Catherine Sutton,g,i,29,
Daren Dufresne,j,y,7,
Ricky Hardy,g,f,1,
Perla Paquette,k,b,22,
Kyle Johnson,q,h,8,
Charlie Drolet,m,b,3,
Damian George,h,y,28,
Bennett Woods,w,r,22,
Phi Douglas,a,u,2,
Annabelle Hache,u,y,24,
Bryn Rose,d,t,5,
Lacey Webb,x,f,5,
Edmundo Barber,s,d,12,
Reeva Pickering,b,a,8,
Ariella Atkins,c,r,20,
Cedric Lapierre,e,w,29,
Justin Hopper,d,n,9,
Lance May,r,e,1,
Twyla Richey,g,t,15,
Bobbi Wilkinson,z,t,30,
Monica Chambers,w,o,19,
Luca Rhodes,x,g,18,
Zelma Sheehan,u,x,23,
Dortha Gibbs,h,z,2,
Karli Porter,l,f,9,
Greyson Sanderson,a,k,4,
Ron Berger,e,f,31,
Meagan Webb,z,t,31,
Ainsley Noel,n,z,10,
Lorene Rivest,d,y,6,
Arnie Kemp,b,q,27,
Mario Murphy,d,f,31,
Shaina Guerra,u,t,7,
Esperanza Wilkinson,a,x,24,
Baden Barrett,f,p,28,
Sherrie Henderson,d,b,16,
Hafsah Townsend,i,o,13,
Quoc Armstrong,a,x,16,
Aarya Mckenzie,r,l,27,
Olaf Kay,j,e,10,
Eduard Baxter,q,i,14,
Edgar Sanderson,g,a,2,
Danita Grossman,u,o,4,
Claire Ricard,f,d,25,
Eboni Doty,s,j,8,
Shannon Reilly,q,r,4,
Harriett Palacios,f,q,2,
Delmar Mcdonald,i,o,1,
Lucia Potts,u,z,23,
Bella-Rose Holden,l,o,5,
Cooper Richards,u,s,20,
Deondre Monroe,o,i,19,
Chaz Hurtado,d,u,19,
Keelan Williams,v,f,20,
Torin Larochelle,b,h,31,
Jacoby Cloutier,j,g,26,
Omer Fung,n,p,3,
Mariaelena Gibson,h,d,2,
Kiersten Thomas,e,x,14,
Robin Mackay,h,j,10,
Lily-Mae Miller,j,m,30,
Carly Irwin,p,g,2,
Emilia Stone,u,p,11,
Glynn Sheppard,u,w,21,
Wes Huff,c,o,16,
Dewayne Harden,g,m,15,
Benito Alfaro,c,g,5,
Trina Lord,m,x,21,
Dulcie Lucas,e,k,26,
Aria Miller,d,b,7,
Tymoteusz Hanson,g,e,2,
Tahlia Bird,m,k,10,
Truc Taylor,d,h,30,
Rodney Mcintyre,u,y,23,
Ciaran Coleman,o,y,26,
Kaycee Pickett,t,y,25,
Jaidyn Maldonado,r,p,18,
Jovani Boyce,s,o,27,
Kit Gibbons,m,p,10,
Valarie Gray,u,r,27,
Garret Park,x,a,6,
Evangeline Boyd,o,a,22,
Hazel Wright,b,m,29,
Monroe Correa,t,g,2,
Dion Douglas,o,b,30,
Marc Dwyer,t,q,3,
Delbert Mclean,h,r,8,
Flora Arnold,i,q,4,
Rupert Herman,y,l,16,
Lauren Hawkins,q,x,13,
Eldon Green,g,h,21,
Jakub Muir,c,b,28,
Christie Crawford,s,e,25,
Shyann Mcgrath,c,g,30,
Nancy Jennings,v,w,31,
Justyn Cooke,d,b,18,
Bridie Pearce,w,k,13,
Keisha Meyer,g,t,5,
Laila Tucker,c,j,28,
Noelia Mcmullen,j,m,31,
Saxon Atkinson,v,p,8,
Jessi Gratton,z,r,10,
Maxim Harper,q,v,26,
Esmee Osborne,k,x,18,
Katarina Lowe,r,c,29,
Lilly Crawford,u,c,21,
Gordon Cowan,g,q,25,
Kimberli Morrow,r,m,23,
Reilly Lemire,z,i,15,
Rocco Burke,h,a,18,
Jameson West,x,k,12,
Garth Cullen,m,d,29,
Catharine Han,h,y,23,
Miya Cunningham,u,h,7,
Amar Bentley,g,n,13,
Vicente John,e,q,15,
Jeremiah Davies,n,o,22,
Charmaine Velasquez,u,z,8,
Monique Jones,r,h,16,
Brady Andrews,t,m,31,
Walton Lott,y,l,13,
Angelo Lowe,p,s,30,
Beatrice Davis,a,u,2,
Kaleb Jones,w,o,21,
Cristian Costa,c,v,23,
Charli Howard,i,v,24,
Keeley Burgess,e,l,15,
Glenn Ahmed,h,w,31,
Deandre Mcrae,k,v,18,
Simeon Cairns,z,l,2,
Erica Perry,n,u,22,
Marci Young,x,p,24,
Sapphire Preston,r,s,23,
Damian Delorme,b,d,28,
Anika Johnston,v,l,24,
Maksymilian Wright,x,b,17,
George Horner,m,a,24,
Rachel Bibi,c,z,21,
King Forrest,p,m,15,
Annamarie Bell,a,k,15,
Samual Seguin,f,z,19,
Raffaele Thompson,t,r,8,
Nettie Le,a,t,7,
Eleni Blake,j,c,3,
Anson Whalen,q,k,9,
Eloy Lacroix,z,i,25,
Robert Delisle,q,n,16,
Gabriel Morton,b,v,22,
Dannielle Parker,i,q,21,
Bailey Leach,d,m,5,
Ishaq Baker,v,k,19,
Alanah Davidson,g,z,19,
Jared Stanley,v,d,14,
Darline Oliver,x,b,14,
Sullivan Swift,k,g,25,
Tamra Walls,q,z,22,
Deanna Young,u,m,19,
Edmund Bryan,l,b,4,
Kade O'Connor,t,p,23,
Troy Schafer,q,b,28,
Meredith Knowles,a,e,22,
Audra Ritchie,k,u,18,
Twila Santana,b,z,12,
Estella Denis,p,x,2,
Domenick Newman,b,w,9,
Enoch Collier,v,s,9,
Oscar Carroll,l,z,5,
Macey Burns,t,i,26,
Eden Reid,g,p,9,
Bronte Watson,q,h,31,
Perry Rochon,q,i,3,
Gianni Armstrong,l,i,5,
Emmanuel Farrell,w,d,13,
Taylor Greenwood,i,o,27,
Eve Wilson,z,o,17,
Leroy Waddell,h,c,22,
Kaylan Bowen,c,j,2,
Izabella Downey,f,i,13,
Bernard Meyer,w,z,13,
Andreas Hogan,o,t,24,
Cory Matthews,l,e,13,
Gunner Tam,c,b,17,
Leigh au,k,z,12,
Mikaeel Page,n,y,7,
Hayden Young,s,m,14,
Javon Stephenson,g,q,7,
Lucinda Dhaliwal,c,n,19,
Donta Escobar,m,t,1,
Justina Dixon,p,n,6,
Coby Cook,s,k,11,
Yusra Reeves,t,u,21,
Benjamin Gates,y,i,11,
Fabian Leger,b,w,12,
Destiny Grant,f,y,14,
Terell Locke,x,w,31,
Marquez Harder,t,s,14,
Darren Dale,l,k,26,
Mikayla Wilson,n,l,9,
Valencia Ayotte,r,v,2,
Belle Ouimet,s,q,11,
Dameon Belcher,k,m,6,
Safaa Robinson,g,s,20,
Jazz Mason,q,v,8,
Kip Irwin,j,f,11,
Thomas Freeman,f,n,25,
Louis Cox,z,l,14,
Bernard Blanchard,n,c,13,
Gerald Seguin,q,g,20,
Adonis Hay,i,j,15,
Adyan Kaur,b,o,27,
Roseanna Sutton,j,i,11,
Reese Kaplan,j,m,5,
Sofia Morrison,m,e,7,
Candace Pearce,t,g,13,
Cherish Rowe,v,m,7,
Nana Hall,x,s,11,
Prince Hall,d,x,7,
Suzan Baldwin,d,u,19,
Myra Castillo,f,v,16,
Stephen Day,h,f,18,
Stefan O'Brien,d,v,10,
Eugene Green,y,q,12,
Chip Funk,o,i,10,
Tanisha McPherson,m,r,30,
Harriett Hutchinson,v,w,14,
Octavia Ryan,p,h,2,
Varun Perreault,l,b,24,
Raven Warren,m,c,27,
Lucille Lloyd,r,c,12,
Lura Lacy,u,w,4,
Daxton Bowers,f,a,21,
Toby Kelly,m,i,23,
Zoha Donnelly,h,o,24,
Cecilia Mathews,r,j,2,
Greyson Tait,n,u,25,
Markel Barnard,t,h,5,
Corbin Lynn,q,h,18,
Jeannette Ashley,c,m,22,
Hugh Richardson,o,w,21,
Melissa Hatfield,e,r,9,
Abubakar Mitchell,c,b,3,
Nina Arnold,s,w,19,
Harriet Harris,a,j,2,
Bjorn Wells,c,t,6,
Nicholas Watt,n,d,13,
Jordon Newell,s,f,21,
Harmony Lloyd,m,n,8,
Noel Knight,g,h,15,
Simeon Reeves,m,e,14,
Jovanny Sullivan,p,w,16,
Ngoc Russell,f,l,8,
Grover Becker,w,l,18,
Malik Holden,u,h,30,
Brayden Jenkins,u,a,20,
