Tennille Dwyer,t,u,11,
Darrian Witt,u,i,28,
Kayla Burnett,v,w,18,
Maverick Lindsay,f,g,3,
Olaf Cartwright,m,h,30,
Sulaiman Watt,h,m,22,
Ashlyn Dubois,w,n,12,
Adelaide Hayes,q,d,13,
Prince Coles,q,d,6,
Mackenzie Harvey,t,p,9,
Darius Ashby,y,a,2,
Georgie Norris,b,p,18,
Eli Ford,w,p,23,
Joe Gilbert,a,l,23,
Edd Barnes,d,k,1,
Rhett Fraser,c,x,4,
Malakai Bartlett,y,n,8,
Ayanna Michel,l,e,3,
Destiny Webb,g,t,14,
Sonia Laplante,u,k,30,
Caelum White,i,p,5,
Maximus Allan,i,e,14,
Talha Murray,x,f,26,
Avraham Mcclendon,c,i,30,
Beverly Cash,g,o,9,
Mack Mcnamara,u,j,13,
Kennith Melton,r,j,17,
Asiyah Mckay,u,h,16,
Sylvia Chin,j,l,23,
Asa Goss,f,s,27,
Jayce Wheeler,s,g,18,
Xavier Watson,c,z,5,
Yasmine Doyle,w,f,11,
Musa Byrne,t,q,15,
Colleen Weir,c,g,7,
Ayrton Walsh,o,f,9,
Carlos Ferreira,u,i,1,
Jaime Raymond,q,r,29,
Aila Rogers,v,z,20,
Diann Le,v,p,16,
Zarah Holden,o,j,30,
Oliwia Gardiner,s,o,26,
Mya Horne,w,z,31,
Deena Barnhart,l,z,15,
Mohammad Johnston,s,f,29,
Elsa Bradshaw,u,k,2,
Rosario Hoffman,l,g,16,
Jorge Maguir,o,v,28,
Kerry O'Brien,n,a,7,
Branden Murray,s,m,31,
Gianni Kelly,q,y,29,
Nicolas Hunter,f,v,31,
Toby Harvey,p,o,22,
Fallon Andrews,q,o,17,
Jackie Rose,w,m,31,
Eleanor Francis,f,r,23,
Wesley any,q,a,6,
Kendall Valenzuela,l,y,20,
Tony West,g,i,27,
Thelma Savage,g,i,1,
Lynda Ryan,u,v,11,
Kristy Rutledge,z,h,18,
Christian Arnold,y,n,4,
Abbie Reid,h,b,21,
Sarah Bourassa,e,v,18,
Jaylan Gil,q,c,29,
Kenzie Hardy,p,m,27,
Early Beltran,u,k,19,
Raya Sutherland,c,m,2,
Amber West,o,a,24,
Eduardo Lynch,k,i,10,
Reagan Potter,f,k,6,
Xavier Spangler,p,r,10,
Rico Ball,s,k,21,
Zackary Gibbs,p,m,15,
Lylah Brown,d,r,17,
Jaxon Bruce,n,y,18,
Asher Thomas,v,u,13,
Anders Crockett,a,j,26,
Roderick Boisvert,m,j,19,
Tera Chen,y,r,17,
Meagan Griffiths,n,v,1,
Jamie Li,f,x,22,
Joshua Barker,j,d,4,
Eshaal Freeman,a,k,30,
Faith Odom,i,d,7,
Lachlan Parker,l,d,9,
Noah Dickson,l,b,15,
Sidney Fox,h,i,21,
Layton Brennan,y,w,29,
Breanna Morrison,r,z,15,
Nicholaus Tremblay,s,b,30,
Rosalind Lees,v,l,27,
William Weir,l,x,3,
Aleeza Cook,p,m,9,
Farah Cunningham,l,q,3,
Mathew McLaughlin,b,k,1,
Beatrice Little,m,d,24,
Andrea Howard,i,h,26,
Zac Armstrong,w,p,17,
Trystan Long,a,r,20,
Melina Bond,t,e,23,
Ky FitzGerald,g,h,25,
Alicia Lewis,d,y,14,
Brigitte Audet,m,l,22,
Angus Graham,x,v,12,
Ella West,l,c,15,
Parker Thomson,i,d,9,
Soraya Dickson,f,m,11,
Kylie Mccarty,p,d,3,
Nikolas Watson,y,s,24,
Dania Jarvis,h,r,4,
Izaiah Parker,v,q,25,
Sherrill Martens,m,z,31,
Aadam Greenwood,j,l,25,
Hung May,m,p,6,
Valente Edwards,y,r,2,
Brooks Hanley,d,w,29,
Ashlyn Foster,y,c,2,
Alain Beland,x,g,7,
Kelsie Cox,s,t,22,
Ty Peoples,x,c,16,
Martin Clarke,x,w,13,
Moses Summers,v,d,2,
Presley Ward,f,t,29,
Riley Bartlett,j,t,15,
Jaylan Hastings,o,e,24,
Tracey Ng,t,k,13,
Chanelle Huynh,z,r,22,
Roscoe Jarvis,o,q,7,
Annie Bourke,f,v,14,
Camryn Saunders,s,d,20,
Raul Barrette,q,p,17,
Jamarion Herrera,l,n,3,
Barton Collins,u,l,1,
Isai Allard,k,t,24,
Reign Harper,z,k,13,
Cohan Donnelly,i,k,7,
Kiyan Pollard,o,w,16,
male Turnbull,h,a,6,
Reyes Blake,u,w,19,
Timothy Cunningham,g,t,11,
Kenzie Leach,a,j,26,
Brennon Gregoire,t,x,2,
Rosa George,q,t,10,
Lorin Proctor,v,s,29,
Carlton Savard,e,q,25,
Karam Day,y,c,5,
Jerod Redmond,v,p,20,
Sandra Delisle,x,v,20,
Ayaan Hammond,g,h,12,
Bridgette O'Brien,l,j,31,
Ky Jackson,e,p,17,
Keith Campos,s,x,6,
Bella Pearson,t,k,12,
Kaleb Carroll,p,a,2,
Neave Parkinson,z,a,5,
Sonja Young,q,g,23,
Kale Alexander,h,a,7,
Alexander Dawson,z,u,20,
Ladonna Deschamps,m,n,1,
Kayleigh Jensen,s,d,10,
Azaan Norton,y,x,24,
Sammie Caron,c,x,1,
Faith Price,j,l,2,
Lourdes Desroches,f,d,16,
Jayson Auger,k,a,7,
Charisse Savage,b,e,19,
Joe Aldridge,v,h,5,
Jaylah Middleton,o,p,17,
Braylen Becerra,o,g,25,
Isreal Esquivel,h,n,21,
Cain Winter,q,t,24,
Jazlyn Ward,g,u,1,
Dyllan Weber,z,o,8,
Rusty Chung,w,d,21,
Westin Hoang,d,b,25,
Sherie Chiasson,h,z,6,
Nathalie Sutton,w,x,2,
Danna Hammond,w,v,16,
Aramis West,z,j,11,
Tahnee Thomson,b,m,28,
Karter Finch,e,m,6,
Yianni Hayes,i,r,21,
Caelum FitzGerald,y,c,28,
Deion Waddell,g,w,2,
Von Lester,n,m,17,
Michaela Quinn,z,v,17,
Faith Banks,f,m,6,
Trinity Clarke,r,q,26,
Saarah Howard,k,p,9,
Lee Conley,g,l,19,
Leigh Marshall,j,d,12,
Dina Painter,b,c,13,
Kye Berry,d,c,30,
Mina Cardenas,v,s,26,
Karol Bentley,m,l,9,
Laurence Thomas,o,r,18,
Hudson Page,h,j,12,
Princess Kerr,b,e,11,
Mohamed Carter,t,h,17,
Cassie Davies,p,b,20,
Dave Bellemare,o,c,14,
Rosalio Lloyd,y,s,23,
Davin Buckley,t,u,22,
Justen Vaughan,e,z,20,
Tristan Henderson,l,j,20,
Ginny Barry,w,j,17,
Harley Wright,b,n,13,
Hayden Wilder,v,s,29,
Nellie Thomas,h,g,8,
Elsie Woods,c,s,29,
Nona Hickman,q,m,30,
male May,p,v,30,
Timothy Baker,y,z,19,
Aleesha Bennett,x,t,23,
Stella Briggs,t,f,16,
Rowan Dwyer,a,b,18,
Cameron Mitchell,h,c,6,
Christos Byrne,k,y,8,
Lacey Doherty,y,s,14,
Jamie Williamson,z,h,14,
Jullian Poulin,l,p,2,
Mikolaj Pearce,j,n,16,
Colt Tanner,g,d,22,
Sullivan Spaulding,x,e,23,
Phoenix Gordon,n,h,10,
Brandon Gibson,f,l,1,
Darian Spencer,v,g,10,
Korina Winter,t,b,15,
Asher Jaramillo,w,c,11,
Kristina Chen,w,s,19,
Kohen Hardy,i,z,8,
Rae Ma,y,e,12,
Adam Boyle,h,a,31,
Margarito Godin,t,u,26,
Julia Hernandez,q,p,9,
Hermione Field,d,k,26,
Morton Dufresne,z,v,12,
Morris Wilson,z,s,29,
Wendi Monroe,u,a,26,
Natalee Martel,d,q,18,
Ray Robertson,l,f,6,
Eliot Berthiaume,r,p,17,
Fearne Mclean,m,a,30,
Kelsey Green,e,w,21,
Kamden Eason,a,k,23,
Renee Kim,b,a,3,
Beau Carter,j,i,19,
Emmitt Tomlinson,n,d,15,
Jaden Cronin,l,i,3,
Julius Day,s,v,14,
Rhett Laliberte,r,n,25,
Ashley Osborne,h,s,29,
Marco Allen,u,x,12,
Georgia Akhtar,b,k,29,
Estelle Patterson,a,k,6,
Cynthia Fox,q,o,4,
Leilani Edwards,c,p,26,
Luz Price,z,p,5,
Bruno Peacock,q,f,28,
Pablo Duran,y,v,27,
Kierra Cronin,c,i,22,
Khalid Houle,x,n,8,
Ismael Reynolds,y,w,13,
Izabella Emery,x,e,12,
Damien Tait,t,w,16,
Tori James,r,q,30,
Peggy Johnson,k,p,9,
Johnathan Emerson,a,t,16,
Freddie Sumner,s,p,6,
Freya Davidson,s,l,7,
Edie Bradshaw,q,e,31,
Bonnie Schafer,s,w,17,
Orson Hunter,d,k,24,
Krista Patel,n,c,26,
Filip Powell,j,w,20,
Shelby Cox,i,p,8,
Isaiah Carriere,g,y,21,
Hana Gough,f,j,31,
Allison Maldonado,i,q,31,
Aaminah Wilson,l,s,26,
Lula Carter,a,c,22,
Alisha Gardner,m,p,6,
Dwaine Rouse,d,g,18,
Heidi Leach,c,r,23,
Marie Black,k,z,25,
Corrina Grewal,m,w,3,
Guinevere Lee,z,f,19,
Ned Giles,g,z,22,
Rosendo Hutchinson,c,k,16,
Tayah West,j,y,29,
Santiago Mccann,x,j,1,
Don Schulz,o,x,15,
Darcy Gray,b,r,30,
Newton Patterson,s,g,6,
Darcey Graham,y,m,26,
Daisy-Mae Gardner,j,i,16,
Ellen Price,d,c,8,
Kristian Lam,o,u,25,
Tisha Tang,t,r,25,
Angelia Charlebois,u,x,13,
Ayva West,l,u,13,
Cortney Dotson,s,u,23,
Nadia Blake,r,s,29,
Maritza Medrano,q,i,22,
Karim Turcotte,z,k,29,
Emerson May,b,n,16,
Cheyenne Morgan,t,o,24,
Hamza Love,y,w,26,
Noah Phillips,y,a,22,
Saif Moss,k,m,7,
Cameron Lynch,p,n,17,
Georgie Knowles,d,o,7,
Fatima Gamez,p,n,6,
Bernard Sweeney,m,z,21,
Scarlett Boyd,f,y,13,
Tessie Grady,l,u,20,
Gabrielle Roberts,c,t,18,
Andrea Clements,e,t,4,
Breanna Robinson,z,s,10,
Francisca Battle,l,o,22,
Corinne Hahn,i,y,30,
Felix Hartman,p,g,26,
Bayley Dawson,m,l,3,
Bodie Moore,k,q,13,
Abigail Henry,s,o,26,
Rhianna Johnson,o,l,7,
Christopher Pearce,s,l,17,
Bernard Daoust,t,c,11,
Alastair Chapman,y,z,17,
Holly Cadieux,u,l,7,
Joan Palacios,s,e,10,
Georgia Dotson,v,i,13,
Janett Klassen,c,z,31,
Maeve Hayward,p,x,9,
Ky Hunt,h,k,28,
Bernardino Allan,j,i,10,
Fausto Dupont,w,p,9,
Alexis Gill,d,z,16,
Mahir Fox,f,n,12,
Kylie Guerrero,e,s,20,
Christopher Harvey,p,q,20,
Makaila Andrews,b,x,19,
Miya Potts,s,h,25,
Jillian Crocker,r,i,14,
Harvey Reynolds,j,t,4,
Dean McLeod,x,y,31,
Cassey Pearce,k,j,11,
Kelly Blais,n,k,25,
Philippa Barnett,s,c,30,
Amira Greene,m,u,16,
Cristopher Sidhu,h,q,22,
Chantelle Lewis,b,q,21,
Ferdinand Lo,c,k,10,
Aronas Rees,r,h,20,
Rosetta Larose,h,q,18,
Braulio Rivas,h,c,18,
Raheem Christie,v,t,20,
Heidi Jackson,r,q,16,
Belle Rios,g,y,5,
Fleur Noble,v,c,7,
Amara Chacon,h,y,24,
Maude Hinkle,h,w,12,
Kai Lemieux,e,t,25,
Pedro Connolly,z,f,15,
Treyvon Rich,i,v,26,
Peggy Simmons,m,a,14,
Angelina Holt,w,z,3,
Winston Marsh,j,m,1,
Latrell Hinson,d,o,7,
Faith Li,k,m,31,
Katy Newman,o,n,20,
Anna Davies,v,w,22,
Finley Jackson,f,p,31,
Fredrick Randall,t,b,3,
Cian Heath,s,y,11,
Minh Kelly,n,k,20,
Joseph Trottier,p,o,11,
Ameerah Jackson,v,w,28,
Jaycob Fraser,l,g,18,
Maria Berger,a,t,30,
Bree O'Brien,o,t,31,
Lenny Dickson,a,s,29,
Lilliana MacPherson,t,a,15,
Ramiro Turcotte,b,v,13,
Floyd St-Laurent,b,l,23,
Mervyn Dick,a,w,21,
Davion Auger,l,z,25,
Leonor Cloutier,f,n,8,
Amalia Miller,u,f,7,
Marley Pruitt,l,i,15,
Bethany King,e,x,8,
Grace Williams,h,r,31,
Danika Willard,b,s,27,
Loren Burke,d,m,30,
Helena Murray,x,z,30,
Caroline Rhoades,r,j,19,
Ayla Lee,r,g,13,
Aidan Hiebert,b,u,21,
Belinda Vallee,b,w,1,
Mitchel Lynch,x,n,9,
Jared Young,w,o,12,
Hank Davidson,y,k,13,
Dennis Day,o,y,13,
Genevieve Turnbull,f,g,17,
Keegan Welsh,j,k,6,
Kitty Hunter,l,d,31,
Marquez Huang,n,q,25,
Maxine Witt,w,q,2,
Mahmoud Morgan,a,o,11,
Taylor Thomson,r,s,25,
Jarred Olson,r,s,11,
Lenore Spencer,d,z,24,
Anton Bryant,j,d,7,
Cara Doyle,g,a,10,
Anna Howard,z,d,26,
Elodie Pearce,x,d,27,
Aden Thompson,p,z,28,
Ammar Allison,j,g,19,
Lila Wynn,m,h,17,
Eliza Butler,a,d,18,
Aimee Carlton,q,r,22,
Stephen Walsh,t,n,21,
Celine Law,q,s,7,
Peter Webb,s,f,8,
Vanessa Simpson,q,m,16,
Arissa Mckay,v,l,3,
Archie Morley,t,v,14,
Rueben Hancock,n,u,21,
Cami Glover,o,z,19,
Klaudia Chambers,i,v,1,
Viktoria Daniels,y,p,18,
Johnny McDonald,m,k,23,
Penelope Dillard,v,w,12,
Zenaida Huard,a,x,26,
Marcela English,b,i,30,
Loren Murray,k,w,8,
Owen Turner,a,l,18,
Maxwell Wright,e,q,20,
Finley Hogg,y,w,15,
Vihaan Riley,p,y,31,
Verna Gill,k,h,10,
Caley Francis,e,d,30,
Owain Griffin,m,t,17,
Zechariah Schneider,f,j,10,
Freddy Leclerc,m,c,28,
Colin Hunt,f,g,20,
Sabrina Howard,e,t,10,
Nadia Russell,a,b,7,
Raiden Booth,t,q,20,
Imaan Turnbull,m,b,18,
Johnathan Knight,l,n,23,
Raleigh Hammond,e,g,19,
Elvin Johnston,m,s,9,
Malina Baril,z,h,24,
Judd Ryan,o,v,14,
Phoenix Stone,s,i,24,
Shaun Murdock,a,b,20,
Phillip Hewitt,j,p,7,
Lucinda George,l,m,27,
Elsa Hill,i,t,25,
Harry Gibbs,a,o,1,
Camilla Morgan,c,h,17,
Cody Lajoie,m,b,14,
Estrella Harden,m,s,23,
Lenny Dennis,l,r,26,
Domenic Shaw,w,t,26,
Stacey Morris,s,w,7,
Amie Gray,m,e,28,
Andria Marshall,o,n,22,
Diego Robbins,j,o,17,
Penny Allen,e,m,14,
Breanne Robertson,k,p,24,
Jaron Hubbard,q,b,30,
Matilde MacKay,n,u,4,
Lani Flemin,z,a,24,
Caleb Clark,z,h,20,
Leah Martin,h,z,6,
Nolan Parker,i,p,30,
Kaleb Cook,p,d,13,
Ely Welsh,y,p,1,
Larissa Porter,t,j,3,
Lana Holder,j,f,14,
Georgie Thornton,u,w,18,
Georgiana Bell,m,z,6,
Jeramie Schultz,l,q,29,
Jamarion Sims,u,q,25,
Annie Rouleau,f,p,14,
Alexandra Cunningham,z,y,14,
Lila Taylor,u,z,1,
Paulo Mcmillan,u,h,1,
Tayler Cox,l,k,13,
Catherine Ngo,m,q,5,
Finlay Fraser,a,m,21,
Guillermo McMahon,n,p,4,
Verity Pugh,y,a,28,
Jace Rose,n,g,21,
Frazer Lewis,o,n,9,
Stella Durocher,n,y,31,
Reese Holland,t,x,7,
Nikole Labelle,z,k,2,
Dalton Law,q,o,9,
Eden Duffy,f,s,18,
Marta Dufresne,c,n,18,
Narek Davis,c,z,27,
Ewan Edwards,q,s,16,
Lucas Langevin,w,b,12,
Mohammad Tran,s,l,16,
Braelyn Cornelius,m,o,31,
Lewis Williamson,n,w,13,
Charlotte Fraser,f,e,30,
