Enzo Ross,q,a,15,
Tate Wright,n,i,11,
Tamar Morrison,p,z,14,
Ioan Bibi,t,k,5,
Kaylie Hart,k,v,22,
Carlia Griffiths,j,n,23,
Marilynn Peters,h,p,15,
Zola Mckinley,a,o,4,
Warren Barrera,b,d,16,
Valentina Hardy,r,y,7,
Zane Bell,x,l,15,
Angel Cole,r,w,29,
Doreen Ewing,g,j,14,
Tristan Carroll,b,n,14,
Waymon Villanueva,z,h,27,
Carmen Herbert,q,l,15,
Brett Lemay,k,o,26,
Teagan Nguyen,m,i,29,
Valerie Ritchie,l,o,1,
Rayden Kelly,s,x,23,
Samantha Lloyd,s,f,15,
Darcy Hughes,u,s,13,
Yousef Varela,a,s,28,
Salvatore Crenshaw,g,d,23,
Miah Brown,k,y,28,
Imani Hammond,a,n,5,
Lucian Hodgson,k,p,28,
Valencia Bird,s,a,27,
Reva Lavoie,f,u,29,
Cecilio Mercer,a,o,19,
Khalil Asselin,l,t,17,
Lilly-Rose Dean,u,k,29,
Jana Parker,n,p,5,
Kathi Figueroa,h,d,20,
Duane Labbe,x,k,25,
Amina Reilly,f,v,1,
Miguelangel Kelly,k,z,28,
Leeann Song,l,u,31,
Sheree Flynn,n,r,6,
Thanh any,u,c,10,
Fredric Campeau,c,m,10,
Tyrese FitzGerald,a,r,25,
Kenyon Beaton,p,o,10,
Stevie Dennis,j,k,3,
Silas Burke,n,x,11,
Beatriz Charest,v,r,21,
Jaylin Castellanos,w,t,6,
Colby Hutchinson,n,m,3,
Eve Mccann,n,r,23,
Nela Jenkins,a,l,9,
Archer Warner,m,d,6,
Freddie Coates,h,p,8,
Donte Ward,q,d,21,
Stefan Cook,h,c,13,
Sonya Williams,f,r,17,
Josiah Wells,j,x,16,
Tommie Cartwright,i,s,10,
Corinna Webster,f,z,9,
Christos Spencer,g,c,20,
Maddox Carpenter,r,s,13,
Bridgette Williamson,d,m,30,
Elliot Khan,d,g,31,
Thi Thomson,k,g,4,
Carla Holt,g,q,3,
Otis Gonzalez,a,n,5,
Omar MacLeod,f,q,16,
Jana Schaefer,f,a,6,
Jeremiah Courtney,s,e,5,
Griffin Soto,e,r,17,
Florrie Daniels,f,p,28,
Courtney Maxwell,f,l,9,
Mikala Carter,t,w,12,
Reece Parker,u,z,23,
Blake Enriquez,x,h,17,
Alicia Hunter,g,l,21,
Beatriz Joyce,j,r,17,
Cristina Mitchell,p,l,12,
Reginald Bailey,f,v,14,
Yusra Smith,d,q,7,
Caitlin Elliott,c,n,8,
Ashley Crawford,w,n,13,
Greta Lim,n,i,1,
Mackenzie Matheson,f,a,14,
Kobe Miles,w,h,18,
Indianna Doyle,c,u,6,
Annie Chamberland,i,g,16,
Sophia Kaiser,r,q,25,
Bianca Kay,n,m,3,
Jake Pollard,r,x,15,
Nery Johnston,a,p,27,
Riley Cook,j,f,22,
Carolina Ouellette,s,a,26,
Keaton McKee,j,w,28,
Carley Dunn,m,r,15,
Dylan-Thomas Wallace,e,c,14,
Raven Baldwin,h,v,10,
Yousef Fleming,k,d,7,
Braydon Green,v,f,18,
Remi Mcdonald,h,t,25,
Harriett Jarvis,i,o,26,
Mitchell Chen,e,c,8,
Giuseppe Murray,g,x,29,
Elvis Fuentes,b,z,17,
Tam Anderson,t,j,16,
Deron Zhang,i,t,1,
Kristian Bennett,e,l,26,
Rhea Nelson,n,r,3,
Adele Daly,l,q,3,
Chaya Ingram,b,a,10,
Jelena Hunter,s,a,18,
Taliah Watts,w,m,19,
Gabriel Patterson,v,u,24,
Aden Johnston,p,c,27,
Serena Hunt,a,k,3,
Gemma Morris,y,u,12,
Sade Miles,j,r,17,
Kelsey Wong,a,k,2,
Muhammed Brooks,t,v,27,
Gerardo Snow,u,i,8,
Stacey Whitley,k,v,4,
Phillip Norris,c,n,21,
Hafsa Preston,q,u,4,
Seth Reynolds,z,k,16,
Nima Paquet,b,l,30,
Gloria Garcia,v,i,10,
Steffan Hall,y,z,8,
Kaycee Friedman,n,q,9,
Liana Lee,x,z,2,
Joel Patel,s,n,12,
Kerry Rodriguez,w,r,16,
Anissa Sadler,o,f,25,
Maria Crawford,x,v,19,
Patrik Daly,g,l,12,
Blake Ferguson,x,z,18,
Elyse Garcia,s,f,29,
Hasan Merrill,p,s,24,
Abbey Barnhart,x,r,27,
Jennings Maloney,t,b,13,
Donn Clemons,n,x,12,
Bradley Giles,w,t,1,
Jeremiah Tran,i,o,16,
Stewart Hanna,n,j,6,
Rich Floyd,o,r,10,
Jordyn Henley,r,a,26,
Duncan Morrison,l,k,14,
Thien Ahmed,g,t,21,
Rayden Flemin,j,h,18,
Esmee Wheeler,e,h,26,
Olive Pugh,n,e,14,
Eleanor Powell,t,m,19,
Dannielle Parker,d,i,1,
Scarlet Johnson,o,v,4,
Polly Fair,a,p,30,
Juliana Lake,d,e,5,
Dorothy Flynn,y,a,30,
Jadyn Grady,c,v,18,
Missy Velazquez,u,a,2,
Scott Scott,l,k,22,
Jeannine Villarreal,h,m,2,
Blaine Dobbs,z,s,5,
Jessy Spencer,g,t,19,
Paulina Link,n,h,3,
Elspeth Swift,k,h,2,
Marlin Pennington,k,v,13,
Jimmie Wong,c,u,15,
Dallas Li,n,c,15,
Shea Pratt,f,w,17,
Sally Chapman,e,l,29,
Marni Duncan,v,k,4,
Zayn Williams,v,h,25,
Bronte Holmes,y,w,12,
Catherine George,b,w,5,
Lamarr Allard,p,s,17,
Katherine Blake,i,k,25,
Jalen Burns,e,q,4,
Shanae Elliott,k,h,12,
Amari Lamb,l,b,23,
Tait McDonald,b,p,7,
Griffin Thomas,j,g,22,
Melody Faulkner,v,s,31,
Abdul Hay,v,b,20,
Tania Stevens,t,s,17,
Quincy Lauzon,g,b,16,
Macey Miller,w,a,26,
Ryder Sykes,v,j,24,
Paulina Mcnamara,s,b,9,
Desmond Tan,f,m,28,
Chase Thomson,b,a,23,
Luther Hernandez,u,h,13,
Kellan Pratt,e,n,16,
Aimee Henderson,m,s,5,
Miriam Hynes,j,i,29,
Keegan Arnold,d,h,12,
Robin Field,o,d,10,
Giuliana Bergman,o,s,21,
Brandie Robinson,n,i,12,
Bonnie Cairns,g,f,29,
Rosanna Goulet,f,t,12,
Andre Gregory,k,a,1,
Micaela Vickers,g,l,23,
Stephen Patterson,j,q,4,
Mackenzie Ferguson,k,p,14,
Montana Donahue,i,f,16,
Emma-Lee Perry,z,v,29,
Enoch Mann,b,e,10,
Alvina Louis,r,n,25,
Jaunita Nichols,o,i,1,
Malissa Albert,w,i,20,
Gaspar Armstrong,n,l,25,
Candace Hughes,l,w,7,
Piper Jenkins,r,o,3,
Duane Irwin,m,f,8,
Rashaad Corbett,u,m,19,
Benigno Chevalier,o,x,31,
Tan Grant,h,c,9,
Ashlyn Knight,q,d,25,
Ester Sheffield,a,n,27,
Evelia Labonte,z,g,3,
Ishmael Hay,b,m,1,
Samantha Stephens,i,k,11,
Dalia Savard,x,j,7,
Lincoln Rosado,y,j,18,
Ryon Asselin,x,t,15,
Gabriela Duquette,w,a,11,
Ebony Reeves,b,r,20,
Mindy Clark,z,b,3,
Rishi Medrano,d,t,31,
Hailey Kaufman,u,k,30,
Eleanor Vo,a,y,27,
Nery Johnstone,r,t,18,
Minnie Hammond,i,m,23,
Beatriz Erickson,w,k,22,
Nell Duarte,l,q,25,
Hamza Woodward,f,x,11,
Britt Charette,n,b,5,
Tegan Brooks,w,m,17,
Persephone Marsden,x,z,17,
Derrek Champion,t,m,24,
Lennox Knight,a,z,27,
Aditya MacDonald,j,p,10,
Isis Coates,w,x,31,
Shayne Lucas,f,u,31,
Gian Watts,o,c,21,
Kiahna Allen,b,t,8,
Romilly Hodgson,s,t,28,
Lizette Smiley,y,q,10,
Colby Marsh,u,l,24,
Oralia Prince,r,w,21,
Desiree Erickson,a,m,26,
Ayanna Harding,v,z,12,
Donavan Hutchinson,e,n,19,
Janeen Ewing,o,l,19,
Reuben Ward,z,h,16,
Leon Chapman,a,f,27,
Gabriel Williamson,x,v,25,
Evangeline Pruitt,l,m,30,
Scarlett Peters,k,f,8,
Harri Bond,t,b,29,
Hettie Allan,m,j,18,
Hasnain Parry,z,m,2,
Danica Riggs,v,k,28,
Gia Love,d,l,19,
Ayah Johnstone,w,s,10,
Katerina Burns,k,v,30,
Jackie Goyette,f,d,7,
Scotty Chen,g,j,1,
Keegan Marshall,l,h,22,
Keira Stone,f,a,4,
Jordan Warren,c,z,31,
Eddie Conner,t,o,11,
Frank Bishop,v,n,24,
Rene Leal,x,j,22,
Ladonna Hutchinson,y,v,12,
Jordyn Wise,d,v,7,
Noble Schneider,h,s,18,
Evie Knight,b,l,24,
Tegan Bates,q,o,12,
Kailee Rowe,e,y,23,
Quinn Guay,s,y,21,
Krzysztof Sutton,j,b,17,
Natalia Morris,j,x,6,
Randel Belanger,w,r,4,
Chaya Reeves,o,b,12,
Caryl Fernandes,t,k,2,
Lorena Thorpe,b,y,15,
Leticia Harrison,k,n,20,
Martin Sheppard,z,t,6,
Cohen Brookes,w,p,11,
Brendan Morgan,p,g,30,
Elnora Doty,c,z,15,
Maryam Little,u,p,17,
Elvis Carr,g,t,30,
Eloise Bravo,n,u,16,
Shlomo Moon,e,u,12,
Benita Pratt,i,u,26,
Tenille Barker,v,n,14,
Will Jones,s,c,9,
Annemarie Riddle,a,g,26,
Maribel Wolfe,e,a,2,
Lucia Lawrence,a,y,1,
Fergus Rogers,p,m,27,
Bobbie Norton,m,j,25,
Katarina Bolton,b,i,13,
Dylan Read,f,x,18,
Mateo Jacobson,d,a,22,
Judy Lin,e,h,14,
Christi Tang,j,o,9,
Arianne Perreault,j,d,11,
Felicity Henderson,b,h,23,
Mikaelah Reynolds,z,v,19,
Kris Lalonde,w,g,13,
Ignacy Peacock,v,i,11,
Zakariyya Welch,t,z,20,
Alena Grewal,h,n,22,
Dario Bateman,l,m,7,
Dale Harder,a,c,30,
Josephine Kraus,q,v,27,
Daren Coulter,p,d,19,
Ben Lane,e,z,5,
Dustin Boulet,b,d,26,
Zachery May,p,m,20,
Margarita Santiago,e,z,28,
Tillie Fonseca,u,q,19,
Eunice McConnell,f,b,5,
Misti Sanders,j,v,7,
Romilly Shepherd,s,f,10,
Imaan Maxwell,l,m,12,
Randolph Hatcher,u,r,16,
Archer Cameron,y,o,4,
Hayden Burgess,v,d,26,
Riley Reeves,q,b,26,
Damon Beard,q,a,9,
Elise Richardson,m,f,29,
Gregg McMahon,h,a,1,
Britany Allan,p,t,3,
Kimberlie Gagnon,l,a,15,
Zac May,x,q,15,
Aeddan George,t,r,23,
Sydnie Lane,b,a,5,
Blanka Hussain,t,j,27,
Tiara Thomson,o,a,24,
Jayson Johnstone,n,j,23,
Neave Atkinson,x,s,12,
Carlee Shafer,s,k,16,
Ward Durocher,e,m,28,
Maxwell Hodgson,c,r,6,
Noah Winkler,g,v,20,
Amira McKinnon,m,d,25,
Libby Reynolds,i,q,31,
Zahra Warren,q,d,7,
Jacquelyn Aguilera,z,c,9,
Max Avery,p,o,1,
Maximillian Walsh,i,u,6,
Kimberly Murphy,r,i,31,
Stella Cole,f,q,19,
Skyla Couch,x,v,25,
Cory Ellis,t,p,31,
Kenan Nguyen,e,o,10,
Harper Donnelly,o,g,26,
Tessa Adams,b,x,7,
Lilly Mitchell,e,a,24,
Francesco Clark,g,v,30,
Luke Porter,s,p,26,
Lucca King,x,r,12,
Carley Doyle,k,y,11,
Annabel Singh,q,t,6,
Sebastien Janzen,b,o,3,
Bradyn Fletcher,d,u,23,
Theodora May,b,t,25,
Saul Greenwood,t,a,28,
Destin Herring,n,f,30,
Mina Savoie,y,c,29,
Kaya Fox,j,m,21,
Micaela Johnson,b,e,3,
Georgie Burton,a,g,26,
Josh Ellis,g,j,5,
Davis Dhaliwal,m,c,12,
Deonte Warren,y,m,17,
Hashim Law,x,g,28,
Andrea Hendrickson,x,w,16,
Lupita Woods,w,r,1,
Armand Cohen,k,t,24,
Gilda Hurd,z,p,14,
Samantha Clarke,x,g,14,
Jameson any,u,e,28,
Hayes Walden,f,u,29,
Dalton Lam,v,q,26,
Alissa Poulin,c,m,10,
Claudio Xiong,z,s,13,
Carley Roberts,v,p,26,
Kindra Nelson,z,p,14,
Courtney Griffiths,o,l,31,
Samantha Moore,u,k,20,
Kamden Hart,b,a,16,
Katarina Mason,b,a,9,
Cody Gordon,x,p,2,
Malcolm Root,a,y,30,
Ali Schafer,p,h,2,
Juanmanuel Simard,v,n,11,
Jordon Hayes,h,g,23,
Bettie Berger,k,b,1,
Adrien Johnston,t,o,29,
Alesha Rice,i,s,21,
Gilbert Provencher,m,v,23,
Noe Barrette,c,x,24,
Douglass Mccarty,z,v,21,
Jerrod Chabot,i,l,21,
Yvette Cantin,k,q,17,
Clifford Rivard,o,u,1,
Cedrick Rochon,q,e,17,
Rylan Fletcher,k,j,19,
Brittani Haines,z,s,26,
Katheryn Solano,y,f,14,
Malia Laroche,s,b,1,
Shante Denny,j,d,11,
Orlaith Hamilton,j,n,11,
Anissa Prince,s,y,12,
Megan Lynch,e,q,11,
Franchesca Jean,h,l,15,
Sheila Carson,a,o,17,
Isaiah Flemin,c,q,1,
Alexandra Alexander,l,n,17,
Jake Williamson,n,u,22,
Jill Moore,h,q,21,
Courtney Rodriquez,w,k,16,
Dortha Walter,a,r,16,
Fletcher O'Brien,m,h,1,
Edward Johnson,n,p,29,
Tania Beland,o,u,4,
Dotty Archer,i,o,24,
Milton Ellis,t,b,5,
Kristyn Humphrey,c,u,24,
Raymon Sutton,d,y,25,
Maximus Pham,b,q,14,
Bjorn Khan,b,v,26,
Jade Gibson,f,v,10,
Harley Jenkins,m,w,21,
Ariana James,y,f,8,
Ismael Lambert,c,k,24,
Corrie Banks,e,y,22,
Clinton Cousineau,m,y,6,
Alba Jean,g,k,18,
Ramon Rowe,u,x,22,
Rosie FitzGerald,e,s,26,
Elisha Sharp,d,y,17,
Rex Thornton,d,i,21,
Ray Russell,d,t,25,
Calvin Bragg,t,k,20,
Yusef Provencher,z,o,22,
Ferne Christie,n,j,10,
Candice Stewart,o,n,7,
Dewey Watkins,a,u,27,
Christie Dunn,u,w,7,
Hyman Benavides,x,s,24,
Lizabeth Spence,r,f,8,
Coleen Cardona,n,y,28,
Isidro Tracy,e,g,31,
Saniya Masters,g,i,9,
Ayyub Owen,q,y,19,
Giancarlo Bilodeau,l,j,23,
Victor Park,a,k,24,
Latisha Berman,v,c,29,
Kayson Ritter,n,u,11,
Spencer Fletcher,a,k,7,
Nikayla Gray,d,m,18,
Caspar Bishop,p,w,1,
Marcie Mcguire,m,i,8,
Mathew Knight,a,g,26,
Kari Russell,o,h,28,
Cheyanne Armstrong,x,l,20,
Damarcus Lu,m,r,9,
Harriett Thomas,r,z,20,
Leela Baldwin,s,k,30,
Destiny Cross,d,i,13,
Harleen Horton,a,k,12,
Gaston Ross,g,a,1,
Charlie Grant,e,a,25,
Julia Blackburn,p,u,15,
Lucie Green,e,a,24,
Angela Ferguson,g,n,13,
Yasmine Reynolds,x,d,15,
Ernesto Abbott,u,r,6,
Lacie Lachance,e,a,17,
An Ross,k,g,13,
Daniella Cole,m,q,4,
Aimee Barnes,d,q,8,
Abdullah Mclaughlin,x,o,3,
Todd Riggs,t,m,1,
Brennan Reid,x,y,20,
Codie Bailey,m,k,2,
Rhett Moreau,b,e,21,
Margarito Whaley,d,e,29,
Keanu Baird,p,c,8,
Hadley James,p,j,24,
Quinton Paquette,z,n,29,
Deanna Coleman,j,d,26,
Bernardo Lynch,b,a,19,
Gwen Taylor,i,v,30,
Patryk Smith,a,u,6,
Tate Chen,c,u,20,
Tate Peters,i,m,18,
Abdirahman Owen,u,o,22,
Payton Bolton,u,i,22,
Kennedy Frost,p,x,31,
Chase Morrison,s,l,2,
Katharine Sutherland,p,b,25,
Johnny Andrews,f,j,3,
Shiralee Grant,a,g,1,
Cordell Wilson,y,n,19,
Iola Farley,z,x,24,
Ivie Walters,s,j,24,
Jensen Dominguez,p,v,15,
